seed, ent, functional_ent, overlap, variance, kurtosis, skew, resources
11829, 5.18100042313,4.82435718036,0.0706422465893,0.00630380106993, 11.8821437166, 3.06586969612,13033.0
11828, 5.71591301222,5.37257726907,0.0626750574548,0.00249273605767, 1.23782285394, 1.34945955491,13963.0
11825, 5.60791295817,5.30354660795,0.0638830937031,0.00319523413262, 2.6892083981, 1.66772280426,13565.0
11824, 5.06094559358,4.94016167968,0.0759186231752,0.00574494329228, 14.7204004202, 3.31915781493,11628.0
11827, 5.44768233052,5.15430381221,0.0663132328746,0.00288578836547, 2.4758954433, 1.51551809611,12696.0
11826, 5.46514472233,5.24318824712,0.0691970698075,0.00346446590895, 0.657614525961, 1.15489399485,13489.0
11821, 5.59704655304,5.27141627924,0.0661175445027,0.00222530591836, -0.367455314716, 0.764694464177,13349.0
11820, 5.36001184553,5.13085653236,0.0686639559808,0.0026299504031, 1.57493722068, 1.17385616761,12429.0
11823, 5.83131554525,5.44675394254,0.0604035351572,0.00234344809047, 3.07515696045, 1.74024121559,14298.0
11822, 5.39976866233,5.06045537101,0.0644467927935,0.00237387805296, -0.423310102539, 0.771554319382,12563.0
11988, 1.74280756178,1.53757303537,0.419706980753,1.60753134672, 11.6342751435, 3.61820824558,26298.0
11989, 4.31365650137,3.99785972524,0.0712228754003,0.0184556909307, 22.3586599307, 4.56365322275,10165.0
11982, 2.86817493124,2.42583604234,0.217717609882,0.475242054129, 21.4680928173, 4.66617149682,24252.0
11983, 3.65081933413,3.18439795179,0.182075712599,0.204334047509, 17.9773497831, 4.16275543761,22817.0
11980, 1.47285725545,1.16975234137,0.452388596921,2.15878484731, 11.7330319739, 3.68247008625,26771.0
11981, 3.84755444819,3.29832910388,0.159633130373,0.119341465683, 13.0356740832, 3.46148671844,22783.0
11986, 4.36885393458,3.9879076588,0.107763573686,0.0241794087838, 2.54935231241, 1.81807142577,15005.0
11987, 1.11268947696,1.11268947696,1.11380145278,5.6277495413, 2.11420347071, 2.01765963817,27140.0
11984, 1.20988992721,0.863533878977,0.596844408106,3.19221873116, 7.98038087162, 3.14928338031,27009.0
11985, 1.47099073795,1.35298673904,0.546681987935,2.49489729907, 8.8238180794, 3.26764618204,26642.0
12059, 4.88392805896,4.34271562835,0.0712682406673,0.0135833243244, 12.8128601639, 3.21633065794,14637.0
50163, 4.87706946851,4.46465827861,0.0996352165123,0.0262589885443, 9.10084459056, 2.96040739372,18382.0
11911, 4.88177214214,4.31952784424,0.0672110136345,0.00620315925723, 2.10063589338, 1.6237941531,12166.0
50162, 2.14227229549,1.91689210217,0.413147562961,1.25314085691, 11.2369777241, 3.54343530499,25887.0
50161, 2.20041184501,1.89461028792,0.367581154841,0.90404923086, 8.64713410712, 3.09840842279,25591.0
11912, 1.63890851439,1.50146324197,0.509164033324,2.20758417613, 9.84070543794, 3.42110579029,26586.0
11915, 3.80174125527,3.5342687385,0.0570930022237,0.00432721532349, 7.88991822342, 2.58059115661,5366.0
50166, 1.8142132719,1.59437741662,0.541736775147,2.0324985357, 8.64051530447, 3.2239248766,26401.0
11917, 1.41111507734,1.21621589305,0.451323994119,2.16715106605, 11.7496977474, 3.68508289039,26708.0
50164, 0.501011355027,0.252637137828,0.791985061764,5.55172128559, 5.10564270114, 2.66491732003,27569.0
11850, 3.38715857307,2.94293656926,0.214557598391,0.205950266383, 11.5737546246, 3.26771234934,23900.0
11918, 1.16255272709,0.995545541578,0.648735995404,3.26556254324, 6.86885299814, 2.95545986943,27099.0
11852, 1.70614418757,1.30048873815,0.32651786718,1.46034212429, 17.4874040122, 4.38340392849,26142.0
50168, 4.43999813876,3.89150013983,0.0744650290024,0.0160983823349, 7.75532937385, 2.78054987036,12183.0
11854, 4.71377744408,3.76807346885,0.0714753104153,0.0386292441787, 46.030341474, 6.45564724374,17914.0
11855, 3.48409384612,3.32301820173,0.0490354230659,0.00298287238768, 0.621796196722, 1.34861239812,4438.0
11856, 3.48174840597,3.37996149701,0.0923660775034,0.0106096109029, 2.16085957095, 1.58008660906,6109.0
11857, 0.849323809632,0.719758936826,0.979459925309,5.73666736747, 3.09417323795, 2.24898239896,27276.0
12058, 4.25009277584,3.98179741487,0.131643205975,0.063523079798, 17.7117005842, 3.99680196688,18330.0
12068, 3.21539548772,2.75754544355,0.211759073063,0.327070560213, 19.5365426139, 4.43449977145,22114.0
12069, 4.04134514006,3.64691262628,0.15581449121,0.0843283569667, 8.11169137701, 2.85037182902,22238.0
12060, 4.70951559591,4.37085470451,0.0992471033228,0.0267883902527, 17.9762955608, 3.8346275546,16583.0
12061, 1.6806546786,1.47914473901,0.477179689744,2.1064374602, 10.8600774122, 3.56965035994,26577.0
12062, 4.76715303028,4.18766805937,0.0878402556233,0.0194690966173, 8.59352806871, 2.7229200116,17429.0
12063, 3.02565636985,2.78763920519,0.275553002011,0.433888582121, 13.3795386813, 3.72090175557,23980.0
12065, 2.34352456223,2.04618821603,0.407322289253,0.898161405518, 7.82748763907, 2.96138941677,25522.0
12066, 0.936258350828,0.694561504681,0.603031843193,3.61445151363, 8.02590633705, 3.16083689333,27289.0
12067, 3.11283181648,2.48659571698,0.20282398823,0.387455060785, 23.3330328603, 4.85381320391,23299.0
50238, 3.15770222609,2.87217073149,0.229148712056,0.315743003285, 11.6461682534, 3.49770099934,23930.0
50260, 1.97348355054,1.76208381592,0.469153978742,1.30564811788, 7.98641123549, 3.01559634818,26130.0
50261, 3.9767669858,3.79386685306,0.083863421841,0.00945771222195, 0.83743194661, 1.33482491053,8174.0
50262, 1.57297232106,1.47555871125,0.637005649718,2.40875771635, 6.27150206729, 2.80812623493,26609.0
50113, 1.64487353017,1.36854608693,0.425659931693,1.8686883837, 12.7243117152, 3.81341651911,26671.0
31221, 3.13764157854,2.77316880208,0.0282126783491,0.000966661758509, -1.48181441286, 0.694969839078,2357.0
12019, 3.41440922809,3.10459196274,0.234664368476,0.329245319621, 19.3916987461, 4.41345296589,24506.0
12015, 3.67556273849,3.0188739157,0.126299068895,0.156840674545, 24.4826855846, 4.83350608071,22422.0
12014, 0.340543034268,0.282857330173,1.13616776788,8.21517655536, 2.16223296893, 2.03921887894,27685.0
12017, 4.80395537878,4.10371173728,0.0823017258524,0.0317935231604, 27.0229005053, 4.89738513149,18622.0
12016, 0.618035334946,0.507623997033,0.986821315714,6.57552624436, 3.13613652108, 2.26514147494,27481.0
12011, 1.69005012002,1.55473593592,0.543337300447,2.15449476686, 8.64344936935, 3.22511442414,26479.0
12010, 4.71674034405,4.38924133503,0.123002072038,0.0329457634817, 12.1481262011, 3.20945866928,20124.0
12012, 0.7925130333,0.681173340245,0.786670496984,4.96678432797, 5.09751679446, 2.66231358711,27384.0
31220, 3.17031189768,2.76517741242,0.0285358613425,0.000910419691051, -1.47806640239, 0.691747840117,2384.0
31009, 2.06934729323,2.06934729323,0.0465383510485,5.50265698396e-35, -2.0, 1.0,1296.0
31008, 2.06934729323,2.06934729323,0.0465383510485,5.50265698396e-35, -2.0, 1.0,1296.0
31005, 2.06934729323,2.06934729323,0.0465383510485,5.50265698396e-35, -2.0, 1.0,1296.0
31004, 2.06934729323,2.06934729323,0.0465383510485,5.50265698396e-35, -2.0, 1.0,1296.0
31007, 2.06934729323,2.06934729323,0.0465383510485,5.50265698396e-35, -2.0, 1.0,1296.0
31253, 4.24462208927,4.12295834912,0.0250438890485,0.000612233100503, -0.9949548598, 0.577393433692,3923.0
31001, 2.06934729323,2.06934729323,0.0465383510485,5.50265698396e-35, -2.0, 1.0,1296.0
31000, 2.06934729323,2.06934729323,0.0465383510485,5.50265698396e-35, -2.0, 1.0,1296.0
31003, 2.06934729323,2.06934729323,0.0465383510485,5.50265698396e-35, -2.0, 1.0,1296.0
31002, 2.06934729323,2.06934729323,0.0465383510485,5.50265698396e-35, -2.0, 1.0,1296.0
50192, 4.03070478774,3.83865582175,0.082914392416,0.00912175092523, 2.4446673886, 1.6726342909,6927.0
50193, 2.27587918285,1.96719603837,0.349680578925,0.983913938891, 13.0238198128, 3.74547971641,25562.0
50190, 1.34895320943,1.10244596912,0.478993105429,2.38288966137, 10.7974913748, 3.5570011506,26678.0
50191, 1.59039264383,1.30579438071,0.423473459095,1.96708282379, 12.8361246442, 3.83537427865,26534.0
50196, 4.03311298787,3.70646103526,0.153540271247,0.0760432891102, 6.49549557489, 2.6826036246,20310.0
50197, 4.58407838923,4.11122390417,0.122216254699,0.0318880311102, 3.24310918754, 2.00985022613,19570.0
50194, 1.76882440393,1.59977073307,0.504567652973,1.95774841215, 9.66967367473, 3.38307181419,26346.0
50195, 4.5688128143,3.98463835814,0.0714865922396,0.0206626769517, 21.7634838319, 4.2286133082,14433.0
50198, 4.47689601605,4.15715395736,0.0766590060327,0.0114353940133, 2.85878034488, 1.97416594328,10674.0
50199, 3.04211853686,2.68954532381,0.23880375239,0.466687913415, 20.9387618436, 4.64943059398,24107.0
31153, 5.76715414005,5.35873129684,0.0640311139593,0.00288266439336, 0.00994969758726, 1.15656322735,14488.0
31152, 5.56181737527,5.29989420067,0.0626801652319,0.00215607845171, 0.328524865877, 0.998979128864,12655.0
11906, 4.5705381725,4.16511354121,0.110578304201,0.0381824510293, 9.40563296232, 3.06152385291,20016.0
12080, 1.21867027655,0.881941656385,0.554212664669,2.78140404916, 8.65603501633, 3.23237435613,27009.0
50245, 1.41977104636,1.3477658472,0.632935937949,2.88172797728, 6.77374824631, 2.93295212803,26439.0
11948, 2.59859518067,2.2600043669,0.235925901901,0.68184946633, 24.4730870152, 5.07572792386,25459.0
11949, 2.9322405706,2.65945085988,0.26967272888,0.431097712168, 12.6377090716, 3.54756687841,24407.0
11946, 1.71464914569,1.58519499221,0.636167767883,2.45384009544, 6.81644403546, 2.94079722278,26574.0
11947, 0.686615819573,0.45433241008,0.787130135019,5.09881828046, 5.0792811194, 2.65664317323,27400.0
11944, 2.86019543508,2.59678454996,0.223999406919,0.461114549985, 21.0040403866, 4.63301373291,24172.0
11945, 2.8418371666,2.25625835202,0.222628195921,0.504144215115, 21.7924527078, 4.71583508705,24799.0
11942, 3.92997269118,3.56404011172,0.174925787609,0.12548629253, 16.793499934, 3.91773085685,21921.0
11943, 4.80791932338,4.47788260859,0.110685973094,0.0215950052623, 5.92797652864, 2.33805297962,18109.0
11940, 2.12067189946,1.68344137444,0.211589444741,0.862075507845, 29.5264589586, 5.59199320174,25779.0
11941, 4.38417912475,3.94108727156,0.152528359527,0.0688015730126, 9.74308253183, 3.05781272396,21769.0
31096, 5.1807575192,4.55010113965,0.0349197229404,0.00178714571827, 1.9999561011, 1.58456895245,8752.0
31097, 5.40816705789,4.55151976146,0.0290180306538,0.00116517884687, 0.75451491916, 1.38695820883,8586.0
31094, 5.33316046381,4.42755379321,0.0307382935938,0.00191540970376, 8.92285356837, 2.66165288826,8988.0
31095, 5.37041512413,4.54581414925,0.0315031600115,0.00136684301322, 0.898243288759, 1.40911006667,8773.0
31092, 5.55537556429,4.63510523172,0.0278068655343,0.0011908292414, 1.59924237529, 1.62659044892,9002.0
31093, 5.57096193544,4.66843537216,0.0262932725425,0.000953752997721, 1.16108607552, 1.45368516388,8512.0
31090, 5.53696807584,4.67224188835,0.0287047826241,0.00128608528315, 2.498034424, 1.7725573358,8893.0
31091, 5.48433063586,4.6886697336,0.0274825241789,0.00125554195113, 1.55693069279, 1.6227016093,8897.0
50241, 1.17485897683,1.09795827882,0.967645791439,4.82191017234, 3.05803327504, 2.23489771472,26947.0
31098, 5.36916292004,4.76054494317,0.032012610582,0.00139334824057, 0.802647222602, 1.38994219664,8692.0
31099, 5.3614879573,4.71869925132,0.0323738389352,0.00126006156794, 0.752997461135, 1.26362941735,8452.0
50127, 1.53575170397,1.43657467542,0.641266877334,2.75678228985, 6.88382111842, 2.9585764455,26787.0
11858, 1.14022130612,0.897022655345,0.518758977305,2.88399269445, 9.95878222563, 3.44865782551,27087.0
50125, 1.22806996661,1.05997215521,0.485187446136,2.44959077001, 10.6782244666, 3.53264088149,27023.0
50124, 1.60481949918,1.31439196998,0.401276100334,1.85638205164, 13.8138921504, 3.959611041,26540.0
50123, 4.1213534183,3.67049369086,0.142740865378,0.090229560398, 18.0467724191, 4.11648469764,20869.0
50122, 1.05275621079,0.751374514489,0.55809086059,3.13985607959, 8.95850572869, 3.29979155415,27198.0
50121, 3.50485400487,2.86159473879,0.145916739504,0.188939045909, 24.8484674567, 4.8828779277,23873.0
11910, 3.8600095875,3.55413384161,0.0959186604834,0.0153251027934, 0.743652768797, 1.43230622462,9349.0
11904, 0.966095956579,0.643130657356,0.487485636311,2.84284635319, 10.8989155821, 3.57847125994,27151.0
50129, 2.44827554518,2.19738550146,0.36442114335,1.0155040965, 14.0904427782, 3.94944008652,25371.0
50128, 1.39640776046,1.24224705975,0.591761872141,2.63007731168, 7.51421254972, 3.03997782853,26779.0
50160, 4.682545553,4.31802635509,0.104567652973,0.0181748888136, 5.82829839952, 2.21201128823,16744.0
50048, 4.39560157464,3.89410267972,0.116126197678,0.0518607231005, 17.69803949, 3.84898463382,20616.0
50049, 4.82575775327,4.36881152624,0.0818110639832,0.00844625925967, 0.909625423606, 1.28484926216,14524.0
50044, 1.28537135373,1.08661203681,0.513051805037,2.66147993854, 9.94627566023, 3.44556850199,26789.0
50167, 0.92720762134,0.832599672981,0.783309393852,4.46780534419, 5.02236412561, 2.63893552819,27267.0
50046, 4.13776511715,3.65064961061,0.14529523909,0.129729301979, 30.5091493757, 5.40893384281,22254.0
50047, 3.94031928491,3.827274294,0.0844814708417,0.00955967860219, -0.115602283981, 1.13346942926,7352.0
50040, 3.23876505251,3.18134722907,0.113509049124,0.0244895883958, 3.25292523765, 1.96095859058,6322.0
50041, 1.81130401081,1.50938207444,0.418270611893,1.56715308284, 12.0411986075, 3.68358537025,26208.0
50042, 1.86947977227,1.47039569039,0.373226084458,1.42465069746, 13.9119735822, 3.92763157922,25984.0
11914, 2.02710982594,1.61992287955,0.37085607584,1.04718434871, 9.70096236562, 3.27635764785,25819.0
50165, 4.03033711967,3.75720424014,0.0669609046512,0.00800335858833, 5.64618561848, 2.42097401643,7692.0
11916, 4.41740601948,4.10127828077,0.137379923067,0.0344120700547, 6.81465972811, 2.43688568852,19607.0
11968, 1.18987541979,0.928262617973,0.597883013281,3.1203162712, 7.89186801898, 3.12779840896,27056.0
11919, 4.81538420232,4.46009004791,0.114227233554,0.0288654931601, 8.32957418011, 2.80500081249,19086.0
11851, 1.42459205337,0.869141124739,0.29335071708,1.60997240698, 20.9491212168, 4.78536687773,26550.0
50169, 5.03527008813,4.45179256339,0.074681761883,0.0144207663897, 11.5830545759, 3.19258407259,15858.0
50228, 1.50356865079,1.47169148453,1.27583069999,4.20667359557, 1.00094174805, 1.67646491417,26647.0
11853, 4.56005563195,4.08113119307,0.0585979867385,0.00617160469799, 4.06647988422, 2.08531962187,9995.0
12050, 2.30377271153,2.2980792399,0.100668937497,0.0124458578383, 1.14772659365, 1.55124591216,2453.0
11861, 4.66716999177,4.0784584989,0.0971754832355,0.033387949409, 9.85051194187, 3.05347515581,18943.0
11860, 1.26258114864,1.05335781113,0.594060062316,3.01968136821, 7.87581532303, 3.12403329238,26883.0
11863, 1.99855567437,1.81454157786,0.399749013441,1.40571403082, 13.3254126453, 3.86626923181,26439.0
11862, 4.9719509269,4.42309000887,0.089422202966,0.0238526197554, 15.6559629686, 3.59333957527,18988.0
11865, 2.26890544288,2.02515169352,0.411455839637,1.18166980617, 11.6820455667, 3.61466205131,25781.0
11864, 1.50491604157,1.27905974256,0.423936289061,2.06512431219, 12.9070308801, 3.84968093467,26563.0
11867, 3.06393165367,2.79770077384,0.294359858278,0.492363611449, 15.7283622607, 4.04150419879,24592.0
11866, 3.70151793343,3.3444544965,0.185092087204,0.158229609893, 14.0049262137, 3.65245522085,23195.0
11869, 2.06837425031,1.66146779784,0.285019777694,1.07281832533, 19.8610677528, 4.62017506421,25796.0
11868, 0.953892147446,0.761344692443,0.651010246098,3.83923588993, 7.03885748214, 3.00091572855,27194.0
12051, 1.02733237628,0.939773579419,0.779919563344,4.18631343996, 4.97368139787, 2.62394928296,27149.0
50229, 1.44910095162,1.23697577495,0.548877580334,2.42396042158, 8.54657695271, 3.20473355743,26749.0
12053, 4.31070028947,3.56449486378,0.100527286375,0.10435201567, 47.6380460072, 6.79583320866,21696.0
12052, 1.08459225883,0.868738938598,0.648448721632,3.54872852003, 6.95416964301, 2.97894468137,27087.0
12055, 4.26904702695,3.88454987406,0.134884611702,0.0467024266782, 4.2566412712, 2.1613950217,21129.0
12054, 4.3372950024,3.9084786458,0.11989576066,0.0321513772634, 6.91699074572, 2.42948249714,17529.0
12057, 3.17938402001,2.73718108282,0.228277314948,0.304562027436, 14.311501106, 3.72880521013,23839.0
12056, 3.04451482401,2.73187210608,0.249774284894,0.344836828086, 10.3964332628, 3.31429348597,24345.0
50220, 4.08723792772,3.5321226692,0.125397932801,0.0678544855409, 8.61848272978, 2.98389649863,21389.0
50221, 3.50487750574,3.17217785186,0.191217630402,0.211856438561, 16.857069099, 4.01945144164,23297.0
50222, 4.12271700409,3.8420304021,0.167231134429,0.161661086022, 28.6126508397, 5.35321108956,22121.0
50223, 3.24616414784,2.76352144566,0.173078944234,0.357825041781, 32.7585810604, 5.77841122654,24702.0
50224, 3.61802744861,3.18801636184,0.169432597471,0.188746886995, 18.3172437428, 4.21951280573,23002.0
50225, 0.664080233916,0.618053714686,0.715677313207,4.59311327097, 6.0481924379, 2.83102978631,27404.0
50226, 1.45451525046,1.0864608586,0.426027003735,2.05584015316, 12.6721367126, 3.80514832497,26694.0
50227, 4.19856725435,3.87746011226,0.158144211433,0.0580989075012, 1.78774869608, 1.6891259938,22020.0
50053, 3.20453454555,2.60598892117,0.18759753721,0.342683152831, 23.4288268303, 4.84586658761,24162.0
50111, 3.96468106277,3.58370495345,0.0727412011526,0.0203146479129, 21.779551605, 4.61600084806,8356.0
11929, 2.6643190036,2.485557039,0.299087905774,0.727854911876, 17.6194041611, 4.34847975101,24987.0
50118, 3.12080013302,2.82395006103,0.278379775926,0.374181566707, 8.4250536954, 3.05119901773,24226.0
50119, 3.79124727232,3.45309616368,0.214454823723,0.170964610321, 9.47214201919, 3.22021189001,21649.0
31128, 5.04203647362,4.80463186067,0.0783707298587,0.00760238585275, 8.2940874916, 2.63523690629,12822.0
31129, 5.44626812547,5.17428136124,0.0654732205406,0.00440634981937, 6.55698967099, 2.41000485728,12991.0
31126, 5.65005308241,5.37278181594,0.0660298764723,0.00335328321244, 6.63645260873, 2.35454897585,13791.0
31127, 5.51128142993,5.14422282874,0.0657807407701,0.00388387645056, 5.20935773097, 2.22937501599,13281.0
31124, 5.57858906416,5.23759580013,0.0663746049986,0.00383704240272, 5.36677638002, 2.29687744254,13863.0
31125, 5.76943048417,5.44459542298,0.0606408816693,0.00218466895371, 0.0617698398328, 1.02938791558,13932.0
31122, 5.45424196047,5.11944643668,0.0689704702374,0.00458682550666, 4.08033317048, 1.98000376905,13925.0
31123, 5.73873490039,5.39536850874,0.0597131681877,0.00214094904029, 1.92425933511, 1.37221055428,13511.0
31120, 5.1151092787,4.96380672077,0.0808133039676,0.00527010498791, 3.52419478689, 1.66710067126,12659.0
31121, 5.47368245394,5.19717943421,0.0699015434436,0.00495167729008, 11.8936774751, 2.99040026795,13383.0
11920, 3.14776120541,2.30810118627,0.143385521402,0.326654408357, 38.3840907699, 6.21332332373,23958.0
50099, 2.41336944484,2.21009015415,0.380320234657,0.947823511652, 11.5502200712, 3.55226049034,25154.0
50098, 4.22544682322,3.87227958631,0.0874157189449,0.0137086431229, 1.1379628847, 1.59806798847,10346.0
50097, 1.57154998524,1.55953171654,0.759436943407,3.17515336879, 4.96847356201, 2.6218123277,26436.0
50096, 3.94233757702,3.64246825752,0.202648478839,0.0860732067221, 2.14172291413, 1.78849379163,21868.0
50095, 1.26599617569,1.17906156567,0.964270324619,4.32723079691, 2.95143909399, 2.19526017046,26853.0
50094, 0.769131250063,0.736263840697,1.57006607297,8.6454217878, 0.206581983486, 1.46831995775,27327.0
50093, 4.79911420462,4.26110789506,0.0676506185805,0.0162955823548, 21.244605196, 4.27423900009,14365.0
50092, 2.17137757144,1.95578205888,0.411248364135,1.08642320253, 10.6760998973, 3.42534043095,25768.0
50091, 2.77766470896,2.63175921977,0.345617707008,0.614618330714, 12.5541633048, 3.62580377963,25265.0
50090, 3.08505014461,2.64307780268,0.182857315653,0.308295402644, 22.9825046765, 4.72993122158,24188.0
50058, 3.62604932517,3.23471796047,0.198088323627,0.143038602273, 6.27462448437, 2.54170111995,22755.0
50259, 3.14270144464,2.69887172912,0.227140884618,0.345936167603, 16.8193036035, 4.08227122044,24511.0
50258, 4.61696486288,3.89675284565,0.0977802014812,0.0324751372853, 7.59696898183, 2.68783633768,20082.0
50255, 4.3465610944,4.07337824221,0.136862569564,0.0686378558616, 20.5639228087, 4.26965274263,20486.0
11924, 0.667315119133,0.556894526916,0.983661304223,6.3544130121, 3.1292926284, 2.26243295238,27393.0
50257, 4.91272969365,4.43650009329,0.0915890343497,0.0215372850938, 10.0995638815, 3.036297476,17854.0
50256, 3.32229648313,2.8767892915,0.177004839458,0.289074761317, 26.7374995643, 5.12295147917,24030.0
50251, 3.82299973168,3.48066411916,0.189372560285,0.14857904506, 13.9054341537, 3.67822216618,22413.0
50250, 3.86838747545,3.4748740217,0.142500281029,0.135370773504, 21.8374180464, 4.51958025543,22818.0
50253, 1.06046163338,0.971946767375,0.866577292604,4.5718846313, 4.02581417101, 2.44071124939,27149.0
11925, 0.765094970886,0.552529581976,0.78649813272,4.76995547133, 5.00794219001, 2.63518591685,27378.0
31232, 4.3033621009,4.14571488779,0.0204579964706,0.0005996076487, 0.200555942878, 1.12844579511,3988.0
31233, 4.32496299443,4.16574375459,0.0204579964706,0.000548129293126, -0.438065633617, 0.895217403986,3988.0
31230, 4.33164241855,4.18199311383,0.0214550948535,0.000567530710141, -0.706290226118, 0.788149408911,4033.0
31231, 4.30955127597,4.16284081361,0.0220316885068,0.000589387824437, -0.100868613385, 0.939694686715,3988.0
31236, 4.16898173226,4.04078594154,0.0262087210973,0.000760238758766, -0.704040079996, 0.755467880759,3923.0
31237, 4.37838389533,4.2214949283,0.0200990842519,0.000492542903974, -0.0461730873597, 0.962729641432,3988.0
31234, 4.32481435901,4.17853170725,0.0221820414463,0.000527630772824, -0.390307403068, 0.827634326336,3938.0
31235, 4.25622140696,4.12604840343,0.0240393137213,0.000609112059326, -0.890734006196, 0.653548800912,3933.0
31238, 4.16027935748,4.04250521903,0.0278152829647,0.000715611886458, -0.966988975123, 0.551479897159,3873.0
31239, 4.28414238504,4.14634088215,0.0226256822752,0.000592967935065, -0.357369412141, 0.880651104443,3938.0
50110, 4.52208111835,4.10660888367,0.135820367042,0.0564617460775, 13.4976384159, 3.6711630466,20330.0
133, 0.641958341027,0.600316035383,0.985672220626,6.4009381118, 3.12255966522, 2.25990488132,27449.0
132, 0.851203021568,0.74294326331,0.713326891437,4.19057173347, 5.99398799977, 2.81549978544,27314.0
131, 0.484555661983,0.247145428762,0.720587083127,5.09364532876, 6.09402349581, 2.84428839208,27592.0
135, 0.233140233602,0.187134317403,1.59322033898,11.8062284766, 0.247116197858, 1.49788029086,27730.0
50000, 2.66517718098,2.46854798809,0.30091927607,0.600803002367, 13.3801728916, 3.73395411938,25140.0
50001, 3.42255477497,3.12680574767,0.218392934919,0.254874889616, 13.4164485783, 3.67772671028,23567.0
50002, 0.920176217231,0.58581674715,0.519908072393,3.10466904469, 9.94762221518, 3.44646072759,27147.0
50003, 1.33298255743,1.21462210594,0.548138876349,2.65021161296, 8.81488926973, 3.26623835207,26713.0
50004, 2.32728792889,2.13503605083,0.407130773405,0.998861138703, 10.5328702639, 3.3951501394,25510.0
50005, 1.7083474025,1.3125868243,0.443635196107,1.68685625695, 10.7424072554, 3.49154594883,26253.0
50006, 2.17506612139,2.02472756029,0.389951465852,1.25185585941, 12.526369445, 3.73476751182,25791.0
50007, 3.05461123109,2.68503780604,0.21039756949,0.396564740558, 20.5021415634, 4.5433360648,24169.0
50008, 0.974693927109,0.732864636148,0.650986306617,3.61758126075, 6.90739754112, 2.96636429079,27193.0
50009, 2.75675782768,2.54104256372,0.311117494973,0.548412307687, 9.71488174162, 3.24731830937,24909.0
11838, 3.44487155252,3.04439679619,0.207321890261,0.222851735741, 12.3371106612, 3.55452623945,23094.0
11839, 3.85870274631,3.32950846656,0.162294949138,0.107998667318, 7.4749085057, 2.76886699682,22033.0
11836, 4.79718397432,4.30824977033,0.100437294519,0.0200220324334, 7.35399783611, 2.52172214314,15733.0
11837, 2.81407300669,2.46555759363,0.298190175237,0.639946394125, 14.8879128879, 3.95811674974,24912.0
11834, 0.957700374825,0.857395320167,0.978023556449,5.50457281911, 3.10552821775, 2.25315039804,27236.0
11835, 1.7465899422,1.52500016265,0.54370665244,2.04068417724, 8.31583891132, 3.15564147921,26497.0
11832, 4.38612748766,3.8329261954,0.115847545568,0.0674834602171, 17.890700723, 4.10091141812,19760.0
11833, 2.85201574345,2.46640644819,0.272114555941,0.466616223171, 12.5165708332, 3.58588233283,24628.0
11830, 5.27378253712,4.97435026874,0.072201474672,0.00326386138588, -0.546146760837, 0.811812430958,12818.0
11831, 1.63480925164,1.53330299263,0.850936831689,3.24999386097, 3.94375017834, 2.41229098841,26659.0
11902, 2.60817533794,2.36321867878,0.379745687114,0.623748730756, 6.07801373656, 2.63486772567,25116.0
50074, 2.81062306947,2.50485359472,0.312191649076,0.495098608122, 9.71718016939, 3.18679661213,24995.0
50077, 0.853798422459,0.741965509596,0.873503782438,5.32406759195, 4.1105725728, 2.46979655377,27366.0
50076, 4.31406812903,3.8488338701,0.125966357049,0.0515988761993, 8.55005186457, 2.89769107156,19732.0
50178, 3.90145893405,3.47694404271,0.0564065933213,0.00934950190803, 14.7770959778, 3.69179024479,7265.0
50179, 0.644726581185,0.534901410917,0.877749050401,5.69019962579, 4.09750916776, 2.46533170222,27499.0
50073, 0.728322246241,0.531644341568,1.31241022695,7.94865161647, 1.175568077, 1.77569925341,27411.0
11905, 0.395192927214,0.251641073263,1.13452620347,7.98351703021, 2.15454631629, 2.03581373155,27645.0
50174, 0.776443456923,0.685165880998,0.782361390405,4.74488991823, 5.0301908587, 2.64156456409,27234.0
50175, 2.90267658025,2.55506415921,0.244638381757,0.595350561876, 21.8227609948, 4.78848382057,24696.0
50176, 2.71381560781,2.40515727913,0.271835466607,0.59667841355, 18.1427775486, 4.3222485498,25549.0
50177, 1.26063340781,1.08947407991,0.645480225989,3.03786388439, 6.61799983938, 2.89534092089,26963.0
50079, 1.91583530614,1.58126124739,0.442553694848,1.67574498191, 11.5126061254, 3.63664273854,26189.0
50171, 4.41112116385,4.10470462831,0.132199381359,0.0625727210964, 14.0751404049, 3.66639997339,19788.0
50172, 0.975704658172,0.846648351321,0.599606655912,3.53496163004, 8.02425950867, 3.16035598441,27134.0
50173, 4.20732500839,3.83107709827,0.153234776332,0.0615134578089, 5.32907779357, 2.39099249363,20803.0
50114, 1.13440923256,0.834047902256,0.517514124294,2.89899278595, 9.98997593473, 3.45558733517,27022.0
11859, 1.31252636959,1.12779013512,0.483050847458,2.4900787776, 10.893569464, 3.57723993238,26904.0
50059, 0.81283794916,0.743040660838,0.871333269495,5.08096584406, 4.01409838348, 2.43762106246,27298.0
11883, 3.50148604736,2.99665653879,0.190925340739,0.192077434672, 11.7225032374, 3.40557879369,23926.0
11882, 2.04994352765,1.97801797629,0.501484247822,1.78523846507, 9.78420428519, 3.409217127,26185.0
11881, 3.52032549119,2.950177708,0.192711454016,0.17942940316, 7.43814866127, 2.9195509976,23479.0
11880, 4.68664046865,4.18315992378,0.0713625519903,0.0107721422771, 6.53229071787, 2.52103996339,11427.0
11887, 4.19647287666,3.90573091911,0.174836558634,0.0711854510823, 7.150515987, 2.60764096786,20084.0
11886, 1.61522893454,1.43195092137,0.636048070478,2.45138180377, 6.25116588315, 2.8087382277,26569.0
11885, 5.0523386612,4.68986107085,0.0772820649022,0.00699134677213, 0.415609262864, 1.14951842052,14258.0
11884, 2.09581019043,1.98224103329,0.440610372273,1.38684074372, 11.233256247, 3.57704481719,26074.0
11889, 2.48599169316,2.24617508745,0.386670496984,0.959740197923, 12.5109985788, 3.71233526332,25574.0
11888, 1.88110979577,1.54142955656,0.340406361808,1.34191545092, 16.2843056664, 4.23191837263,26069.0
31249, 4.24358763335,4.08338057415,0.0218870092632,0.000698406883389, -0.612538255953, 0.898403146588,4038.0
31248, 4.3380476807,4.19894222236,0.0220040660288,0.000537081480117, -0.445175855848, 0.804721904187,3983.0
31243, 4.41710198284,4.25766508311,0.0188046585445,0.000449926277321, -0.107693897773, 0.975204686513,3993.0
31242, 4.33117071889,4.18211030534,0.0205688020684,0.000518896140162, -0.362127541382, 0.888782187019,3938.0
31241, 4.1399648067,4.03122725928,0.0277918959332,0.000664313128684, -0.596293746193, 0.659934202603,3773.0
31240, 4.20752720965,4.07089126359,0.0237031422861,0.000660395883159, 0.0189649336263, 1.01347842546,3878.0
31247, 4.2441182353,4.1218162229,0.0237031422861,0.000587266887928, -1.22385028892, 0.558527212776,3878.0
31246, 4.29684424738,4.17716836656,0.023239251173,0.000527231011184, -0.559000091705, 0.704182686385,3883.0
31245, 4.27912340117,4.14759226246,0.0238078138466,0.000598222472663, -1.29227953724, 0.537087862791,3978.0
31244, 4.18595568123,4.06623587061,0.0258746818276,0.000682591638751, -0.786775753133, 0.688733578757,3873.0
50211, 0.849390472565,0.715240988397,0.87267388043,5.10995266993, 4.05577552867, 2.45123134332,27340.0
50210, 1.71061249317,1.5413338691,0.445122260338,2.0178871674, 11.9066704597, 3.71740820041,26341.0
50213, 0.797628554897,0.639000992936,0.783223211721,4.74712120715, 5.01822771108, 2.63827340077,27264.0
50212, 3.6188869925,3.22423873629,0.161251672844,0.189604103728, 21.1462545515, 4.49851408055,23014.0
50215, 1.53993100183,1.49705462227,0.589198506176,2.47551704259, 7.6687257956, 3.07361449323,26663.0
50214, 4.23707345765,3.89206611292,0.138649324295,0.0986514502533, 23.2694284886, 4.65016971589,22684.0
50217, 4.15366461263,3.68299372359,0.143602686694,0.0654139018827, 6.51107274524, 2.63234263,20995.0
50216, 4.11747734658,3.83798899978,0.148908747875,0.0629325845244, 10.6438725629, 3.13583975249,19179.0
50219, 4.69508940437,4.2775272873,0.0712052239631,0.00956280836489, 7.85328563166, 2.5492839638,12889.0
50218, 3.22610625019,3.11924345679,0.122148807814,0.0129838761332, -1.37255706362, 0.47236013288,6378.0
12009, 1.22750156408,0.897590164318,0.297715068614,1.69585876623, 20.9114484062, 4.77933025777,26945.0
12006, 2.57891236431,2.34543436233,0.332349638296,0.836078423889, 15.6546974977, 4.12068984232,25452.0
12007, 4.09072932051,3.62396788869,0.152927740136,0.110935378626, 18.8247766878, 4.13696048713,21826.0
12004, 3.6899939655,2.90598665592,0.1179104937,0.162747842597, 35.6005460003, 5.858345549,22985.0
12005, 4.23773867486,4.12066718518,0.0875689704702,0.00718033565327, 1.53841598101, 1.46694140721,8840.0
31018, 2.06934729323,2.06934729323,0.0465383510485,5.50265698396e-35, -2.0, 1.0,1296.0
31019, 2.06934729323,2.06934729323,0.0465383510485,5.50265698396e-35, -2.0, 1.0,1296.0
31016, 2.06934729323,2.06934729323,0.0465383510485,5.50265698396e-35, -2.0, 1.0,1296.0
31017, 2.06934729323,2.06934729323,0.0465383510485,5.50265698396e-35, -2.0, 1.0,1296.0
31014, 2.06934729323,2.06934729323,0.0465383510485,5.50265698396e-35, -2.0, 1.0,1296.0
31015, 2.06934729323,2.06934729323,0.0465383510485,5.50265698396e-35, -2.0, 1.0,1296.0
31012, 2.06934729323,2.06934729323,0.0465383510485,5.50265698396e-35, -2.0, 1.0,1296.0
31013, 2.06934729323,2.06934729323,0.0465383510485,5.50265698396e-35, -2.0, 1.0,1296.0
31010, 2.06934729323,2.06934729323,0.0465383510485,5.50265698396e-35, -2.0, 1.0,1296.0
31011, 2.06934729323,2.06934729323,0.0465383510485,5.50265698396e-35, -2.0, 1.0,1296.0
11913, 0.847784623977,0.60268222626,0.460449160992,2.95929076714, 12.0406361967, 3.74534090201,27248.0
11979, 2.56790988353,2.17182997858,0.284895145073,0.62745059561, 14.8916423103, 3.92023159971,24793.0
11978, 2.11004215407,1.82858753676,0.35601428161,1.3038986636, 15.5173041863, 4.15286291369,26025.0
31159, 5.43252395818,5.15460936116,0.0723008461026,0.0030467657539, 1.04430922682, 1.23029872741,13339.0
11973, 1.75870942488,1.47014238031,0.447403552056,1.90236939853, 11.8179110905, 3.6983952243,26476.0
11972, 4.74348694108,4.27868483951,0.0967518251791,0.026888695205, 7.15635773769, 2.68784654491,19534.0
11971, 0.747754244936,0.348267242713,0.390376328641,2.62971971763, 15.0360265305, 4.12631034444,27178.0
11970, 1.67324924061,1.3941664159,0.399900210163,1.73652542803, 13.6063812564, 3.92115911545,26449.0
11977, 1.24090652134,1.15659026862,0.70092188765,3.46797411507, 5.92433469836, 2.79604085051,26839.0
11976, 4.64051108418,4.02518279236,0.0980661939249,0.0369620899173, 8.94202050392, 3.08658882238,19458.0
11975, 2.12221479576,1.95818544296,0.439579566386,1.26865674625, 9.3774775201, 3.2539414249,26013.0
11974, 4.84349676519,4.5471059731,0.113222539378,0.0199156853185, 6.92963006428, 2.29258238929,18524.0
50130, 1.37833231926,1.26507724604,0.698963202841,3.19159636252, 5.78516909947, 2.75891806261,26764.0
50131, 4.83899740084,4.53927988663,0.0713013501867,0.006340116616, 1.79644416574, 1.58272687777,11169.0
50132, 1.31681817607,1.14507427795,0.553679156236,2.74097167891, 8.81491466259, 3.26731933789,26983.0
50133, 3.00980608731,2.51524743809,0.206777971171,0.3727075246, 21.1586836602, 4.57442126318,24473.0
50134, 4.29789910784,3.68534569102,0.104880576189,0.0882908663837, 41.1685248035, 6.28519131745,20445.0
50135, 4.67524512547,4.18538415931,0.0759013978619,0.00975417917055, 2.30571457315, 1.72877677692,12418.0
50136, 0.911871993699,0.580962988574,0.488221775352,2.95661988888, 10.9249468092, 3.58450420921,27192.0
50137, 4.68248608871,4.1218272151,0.0679050153664,0.00714334653464, 0.329860658024, 1.32045535334,12528.0
50138, 1.08649293877,1.029080206,0.973642631428,5.1115826941, 3.08298182466, 2.24454137982,27114.0
50139, 4.56777511514,4.17693363983,0.0737499006766,0.0118332685681, 8.76583432266, 2.80278736456,12066.0
50039, 5.25827444933,4.58369048632,0.0711263743438,0.0105848611687, 6.84626431634, 2.56329541719,16341.0
50038, 4.11661638708,3.73780696332,0.0610834757102,0.00624361450218, 5.3861240324, 2.20851672929,8080.0
50254, 1.21131808351,0.7764355975,0.336035372144,1.91008263581, 17.8974102746, 4.45195412022,26904.0
50031, 4.48082678301,4.0955197835,0.120135446527,0.0379316687358, 7.51965075795, 2.67931143332,19655.0
50030, 4.8374665225,4.44068526986,0.0760586038495,0.00743438483825, 3.34883189111, 1.81132597559,13238.0
50033, 3.50278551465,3.3563357677,0.319968263088,0.18529332929, 3.5620481552, 1.95418243887,23390.0
50032, 3.54614856924,3.26833784134,0.21463839414,0.262250965368, 20.2441999487, 4.46438097593,23909.0
50035, 1.90233761551,1.67314813137,0.442350913362,1.54403523006, 10.5948164124, 3.46992344544,26177.0
50034, 1.27759347252,1.07700050621,0.644714162597,3.2845544373, 6.98658471044, 2.98688422082,26931.0
50037, 2.38923795913,2.18595587475,0.412142104759,0.919944852873, 9.61956985323, 3.23999057985,25824.0
50036, 1.2351800018,1.13603451217,0.647515081873,3.27470254531, 6.90022357109, 2.96496127216,27048.0
50252, 3.25634483505,2.86749039358,0.214018960069,0.239806846477, 12.7360937436, 3.49205614308,23840.0
50156, 1.80134242623,1.5015040023,0.398690636387,1.53043122053, 12.772464407, 3.77687681512,26369.0
50157, 3.55539848267,2.97994830195,0.176805360373,0.176669209458, 7.73769704996, 3.02556579397,22772.0
50154, 1.32540232715,1.23800115167,0.700373455903,3.24472937631, 5.84696058461, 2.77467039505,26818.0
50145, 3.17418485445,3.09496026153,0.325918934078,0.40410311799, 10.3443045271, 3.28552996282,23825.0
50144, 2.95267668784,2.59351876853,0.24381618441,0.428290744498, 16.6883571128, 4.07411038167,24613.0
50147, 1.62307982622,1.0479144935,0.331813696714,1.57513287587, 17.6954816148, 4.41765021194,26566.0
50146, 1.94068579483,1.69583200605,0.419706980753,1.54093671638, 12.4509836378, 3.75878720126,26298.0
50141, 1.64997068838,1.57818970137,0.422819113282,1.85768152624, 12.6506225555, 3.80042241309,26493.0
11877, 0.866106738565,0.768185002389,0.979424016087,5.43503945496, 2.99772099445, 2.21413717336,27275.0
11874, 2.90673277271,2.41187532701,0.254616899906,0.510180246853, 18.454825594, 4.34381749151,24817.0
11875, 3.39236583713,3.25468692438,0.105968112611,0.0102017468985, -0.399479390355, 0.99037075412,5902.0
11878, 1.85667435651,1.68033369245,0.46283395576,1.69438522546, 10.5144820429, 3.49486438724,25778.0
11879, 1.71006228771,1.39306534188,0.381499569089,1.62866618443, 14.533801388, 4.03357608373,26560.0
50149, 3.55467824273,3.46935675115,0.0783350216967,0.00541571948464, -0.416392208162, 0.836698319699,5181.0
50148, 0.440735725215,0.362690030128,0.992135880494,6.99444630223, 3.13699958722, 2.26548201176,27629.0
50153, 2.42563144204,2.22604471526,0.346999357054,0.781090337284, 10.118745671, 3.32425121385,25366.0
50150, 3.09158566847,3.04417720102,0.18871492866,0.0593900161224, 1.31144006854, 1.60930426735,7883.0
11848, 1.91997864305,1.6614944012,0.473858086757,1.61874236478, 10.1695564557, 3.42321430998,26392.0
12042, 4.57682269579,4.12538246203,0.0986143624662,0.0173793498943, 4.70109979657, 2.03859262252,16134.0
12043, 1.73699747317,1.26585297455,0.328766096699,1.54811497942, 17.8230488701, 4.43921657081,26322.0
12040, 3.80948827025,3.57477410325,0.225550950055,0.0974570026047, 2.39579705257, 1.75288586437,21984.0
12041, 2.63281501392,2.28887744276,0.295293498037,0.685917222525, 16.8771677589, 4.23024541662,24670.0
12046, 1.32345797886,1.3007979199,0.965634875036,4.34574746426, 3.05072952766, 2.2314451497,26891.0
12047, 3.209849434,2.64218363614,0.174719908072,0.268382327531, 23.2348454376, 4.69437874053,24328.0
12044, 3.30621520785,2.90493772869,0.200393975459,0.302068593424, 23.1475584445, 4.76879465869,24415.0
12045, 4.38188085934,3.98035863059,0.12286304927,0.0992573135031, 36.5754139326, 5.91792631706,21812.0
12048, 2.80285993595,2.36925836213,0.283401321459,0.511149210624, 13.9077471254, 3.76158774919,24663.0
12049, 0.701219093442,0.481979799231,0.655582686967,4.30045194071, 7.06921336448, 3.00917447775,27385.0
50067, 2.77131863649,2.45184200185,0.280195346165,0.551304211921, 14.7607611717, 3.90270720006,24384.0
11969, 1.88259008898,1.62237980334,0.468687158862,1.79144685602, 10.4403579864, 3.48380407605,26104.0
11841, 1.57127536898,1.36885920151,0.544814708417,2.2923670585, 8.66541673678, 3.23098826249,26551.0
11840, 4.82435287473,4.32430068464,0.0861462223499,0.0131293935259, 8.20538738995, 2.57320834158,14394.0
31119, 5.21843554556,4.47270691956,0.0326468933112,0.00132444122909, 0.0752412069187, 1.16828731498,8296.0
31118, 5.08346393968,4.57586647777,0.0376745651509,0.0017788076127, 0.395084921534, 1.21012379021,8131.0
50239, 3.33041924617,3.21316511619,0.283204060136,0.365581105645, 15.1902796603, 3.9529096022,23660.0
31113, 5.30238497929,4.50287458457,0.031085260617,0.00123268185136, 0.442684937134, 1.23778905044,8332.0
31112, 5.24906153808,4.64462313865,0.0341855788567,0.00152071301428, 0.480787645082, 1.27873351494,8449.0
31111, 5.30561211926,4.51975180246,0.029634741909,0.00137803192942, 1.08988570465, 1.48673198742,8459.0
31110, 5.28227451605,4.43731412661,0.0291160417054,0.00147123953939, 1.09463916168, 1.5274174355,8615.0
31117, 5.09059203829,4.37817690666,0.0361150295635,0.00209461501077, 5.59198148516, 2.14291551821,8423.0
31116, 4.99166301717,4.24608381385,0.0358920708151,0.00218139026735, 1.75724691272, 1.63084787419,8371.0
31115, 5.14966210399,4.545436385,0.0353912581721,0.00153041756737, 0.243769138878, 1.18364647985,8131.0
31114, 5.2640406664,4.46093820415,0.0323623479843,0.00139539457641, 0.971985455849, 1.36962850873,8449.0
50088, 3.13566939318,2.56878794128,0.201362015648,0.314778405314, 13.1439160006, 3.78243016435,23832.0
50089, 1.55742212859,1.45371475541,0.590789560913,2.59287343473, 7.87967288487, 3.12361838126,26735.0
50080, 0.945081484694,0.827116386125,1.1146632741,5.69998254099, 1.99063230858, 1.96616266911,27161.0
50081, 3.55609443132,2.98562413761,0.162877388818,0.222988251795, 27.8685415383, 5.19328344983,23813.0
50082, 4.00550155073,3.83459083703,0.179718471704,0.0711694674617, 1.98378617131, 1.73128393697,21896.0
50083, 1.5270697913,1.15553908117,0.423952248715,2.14762338351, 12.9702168838, 3.86271727557,26564.0
50084, 4.76516375448,4.29134260296,0.110097673082,0.0351824126638, 9.41900424338, 3.0983647295,19929.0
50085, 5.15198801241,4.73217705055,0.0659006032749,0.00652404797088, 9.13310162423, 2.59411904724,12617.0
50086, 3.52916160011,3.29534994109,0.225708030788,0.184754001796, 10.9439273066, 3.20777809042,22785.0
50087, 0.746575268672,0.686810757351,0.984630853203,6.0207002404, 3.11002602276, 2.2548916753,27420.0
50109, 4.52256990568,4.34528006624,0.142950231571,0.0394945561086, 8.24681618077, 2.72131218661,20402.0
50248, 2.42097629028,2.13429722766,0.402215199974,0.703612375945, 3.45011257567, 2.26365035608,25202.0
50249, 3.06652076136,2.6503549804,0.245757758868,0.449597486147, 19.198836702, 4.42286232161,24809.0
50246, 0.902848898024,0.896350066341,1.30829263622,7.25018034592, 1.18297075981, 1.77929694656,27325.0
50247, 1.30132563015,1.00490110036,0.367190599308,1.96714309839, 15.8722040266, 4.21601833693,26842.0
50244, 4.33022950675,3.7215210877,0.106735264161,0.0586914397975, 16.5277266791, 3.94805686485,20435.0
3121, 2.06934729323,2.06934729323,0.0465383510485,5.50265698396e-35, -2.0, 1.0,1296.0
50242, 4.63994164239,4.20940224681,0.0817772670688,0.0101464454054, 1.10055324797, 1.44679741308,13664.0
50243, 1.30826468708,1.30142404211,0.76891697788,3.72519344948, 5.02313379065, 2.6388444562,26766.0
50240, 3.57265900184,2.97723696455,0.153784998964,0.239611538397, 32.5578238099, 5.69335144147,23019.0
12029, 3.11752824518,2.85642552772,0.112531520317,0.031376593182, 3.05769701425, 2.00048167249,7051.0
31209, 3.1807864705,2.7653189095,0.0263407950854,0.000892905768712, -1.29548804166, 0.816996179897,2384.0
31208, 3.1807864705,2.7653189095,0.0263407950854,0.000892905768712, -1.29548804166, 0.816996179897,2384.0
31207, 3.1873199082,2.7679425057,0.0235267313198,0.000870918916772, -0.97538077987, 1.00302685212,2375.0
31206, 3.13973092747,2.7733143173,0.0282126783491,0.000963755400326, -1.48459630272, 0.699878281277,2357.0
31205, 3.13973092747,2.7733143173,0.0282126783491,0.000963755400326, -1.48459630272, 0.699878281277,2357.0
31204, 3.1646844622,2.7679425057,0.0272910083309,0.000920201739196, -1.38931100479, 0.75675845129,2375.0
31203, 3.182324986,2.76487835359,0.0263407950854,0.000892370998806, -1.27367287394, 0.829714503687,2384.0
31202, 3.15434260641,2.7679425057,0.0296641394902,0.000935121234816, -1.57105010848, 0.623330974919,2375.0
31201, 3.12153957024,2.77578188615,0.0293269050623,0.000995318077797, -1.57119438316, 0.627351424535,2348.0
31200, 3.13986364449,2.77345465387,0.0282126783491,0.000963174128689, -1.49052799654, 0.697862043805,2357.0
50060, 2.2603042957,2.18388113445,0.528399064308,1.14932652424, 6.67529057117, 2.77070225289,25751.0
50233, 2.48632665548,2.2407684329,0.313603037608,0.651483007118, 12.5460920428, 3.59403777905,25108.0
11938, 3.55265479289,3.23515435499,0.189608897279,0.198670041836, 12.3665314213, 3.55399194883,23101.0
50101, 4.82176116574,4.42903965285,0.0866440227341,0.0178801773041, 11.9218712801, 3.34816545933,15382.0
11936, 4.36955716411,4.10097188282,0.116394924363,0.0267325158607, 4.3109593425, 2.15644220432,16612.0
11935, 2.8246262233,2.46351437068,0.24794698313,0.513534596853, 19.7923729381, 4.49534580722,25030.0
50102, 2.72775711709,2.4332648208,0.237096619745,0.617809651352, 23.169384295, 4.93259582391,24760.0
50105, 4.41413852108,3.74844090432,0.112903815518,0.0695970281382, 26.8399309689, 4.87454728318,21616.0
50104, 1.99888483968,1.56344875337,0.300143636886,1.14937432884, 19.2412813902, 4.56574672666,26120.0
50107, 1.92565737853,1.6593161568,0.398720875731,1.39098001137, 12.582230617, 3.73946105019,26371.0
2061, 4.28772100395,4.15160052718,0.0232093268218,0.000540258631005, -0.00469125634215, 0.902380839172,3878.0
50069, 1.81004768909,1.4452253579,0.362826773916,1.47108544509, 15.233755678, 4.1066574875,26523.0
11809, 5.42679144045,5.17790863767,0.0700895771852,0.00363474660038, 0.345886750488, 1.07091119183,13419.0
11808, 5.72473663304,5.34397519288,0.063136391203,0.00247325076817, 1.18598201048, 1.36844824328,13846.0
11803, 5.55217584922,5.28184092205,0.0693640161881,0.00387831402215, 5.16584933096, 2.21376160658,13763.0
11802, 5.47438809,5.0945576687,0.060317754006,0.00283280346928, 3.44463255349, 1.6920743561,12388.0
11801, 5.25076986644,4.88898625568,0.0675511216735,0.00545955392916, 8.08512016733, 2.51176715283,12933.0
11800, 5.30239240716,4.45841788506,0.0319205356551,0.00145538307375, 1.20246293436, 1.469103058,8667.0
11807, 5.68342634242,5.39386639535,0.0656632492076,0.00322603372967, 2.52790467481, 1.66569301455,13943.0
11806, 5.27855554379,4.98260930291,0.071043345818,0.00651722758936, 5.95766658195, 2.37765791415,13107.0
11805, 5.61807360356,5.34920193128,0.0664655750263,0.0039574454768, 17.9760428109, 3.51297985626,13882.0
11804, 5.39106178873,5.12081782364,0.0661396560923,0.0041367122791, 1.95519854321, 1.54543591627,12893.0
50066, 1.39855321746,1.11824015785,0.285954440508,1.52120295868, 21.824712496, 4.8697146844,26876.0
50108, 2.58908678394,2.25566042638,0.236945260446,0.620541141587, 23.3145763958, 4.91457313731,25569.0
50064, 0.966670946813,0.90772401218,0.651010246098,3.74639804872, 7.00779632054, 2.99261584102,27194.0
50065, 4.31747184714,3.93481386218,0.139194163666,0.0705236826214, 16.9860171589, 3.92159157195,20835.0
50062, 3.99527734137,3.77057109961,0.0808273484631,0.00796912985702, 0.424038289107, 1.2514426115,7034.0
50063, 1.46993566976,1.25291598319,0.511328162405,2.21680962507, 9.41241165039, 3.33110532184,26699.0
11939, 1.34674387155,1.02080428642,0.385147945993,2.0280498986, 14.8562222666, 4.09271854968,26814.0
50061, 3.26703591242,2.92126975643,0.204547630862,0.341535285018, 21.8007251729, 4.67208849302,23497.0
11937, 4.0680881737,3.86517488755,0.195139686872,0.080962647562, 3.57765759821, 2.04526919812,21737.0
50100, 1.43617081444,1.11862268456,0.549944597201,2.44619713696, 8.62331504509, 3.22162263887,26801.0
50103, 4.82848105779,4.28831867742,0.0764943760635,0.024831844336, 22.5797868513, 4.38712868589,17308.0
11934, 2.16955898864,2.08634671034,0.43292157426,1.23392632686, 9.90489612335, 3.33670970015,25619.0
11933, 4.43925310524,4.20230651561,0.138860124396,0.0630800874533, 12.5772421723, 3.53506368819,20785.0
11932, 1.57786625103,1.43815885853,0.632864119506,2.28491245667, 5.75684675368, 2.69274861691,26436.0
11931, 2.55104670084,2.07949623478,0.244249736666,0.695200226856, 23.1511841486, 4.9286388478,25507.0
50106, 1.57278290761,1.56943951939,0.84966005937,3.22562208471, 3.74057592166, 2.34975536529,26619.0
31006, 2.06934729323,2.06934729323,0.0465383510485,5.50265698396e-35, -2.0, 1.0,1296.0
11898, 4.9136222995,4.12711630621,0.0713354899683,0.0190111465902, 12.560087354, 3.40744604255,17134.0
11899, 1.11202918566,0.943563451463,0.702384372307,3.34692624904, 5.39233357622, 2.66057250255,26895.0
11894, 2.72888758889,2.43774827897,0.229707814773,0.616838345563, 23.9974227813, 5.01310207678,24788.0
11895, 1.12869468897,0.75653002769,0.38875323183,2.26494919475, 14.967311059, 4.1133509292,27065.0
11896, 1.60209499072,1.40591419679,0.477107871301,2.15305776254, 10.86177327, 3.56965177717,26573.0
11897, 5.19373860238,4.55235456671,0.062606782685,0.0109533207999, 7.05858857585, 2.68991723898,16563.0
11890, 2.24658180626,2.03275537385,0.428747655339,0.968445863724, 7.68498443282, 2.91826506576,25372.0
11891, 0.957935228186,0.810067346606,0.779057742028,4.27537065666, 4.92018336394, 2.60927937542,27119.0
11892, 0.806802006997,0.693775490545,1.12373291747,6.66665158402, 2.13874413883, 2.02863437566,27382.0
11893, 4.58311382781,4.1391877491,0.0683950971943,0.00712256003644, 1.10959462135, 1.43759461746,11428.0
11097, 5.15467543035,4.758835408,0.0753330580293,0.0116112446109, 7.40835560164, 2.53213760465,16783.0
50202, 1.61615579559,1.35092611887,0.399476859342,1.85124434562, 13.7905854655, 3.95572565418,26421.0
50203, 1.37085473562,1.29888671312,0.640788087714,3.03528112881, 6.91107861031, 2.96652870068,26767.0
50200, 4.4348561393,3.93385304869,0.0647483162565,0.0102721115305, 8.5217147525, 2.92352475394,12171.0
50201, 4.39111980382,4.10636102671,0.14461228062,0.0468224933023, 4.05134090647, 2.11121861632,21646.0
50206, 2.19359627304,1.8898234204,0.306281719812,0.945973041538, 16.1329673354, 4.14520020324,25588.0
50207, 1.82787595326,1.6546327731,0.473157856938,1.73184914294, 10.2474446149, 3.44145737188,26353.0
50204, 4.84941874736,4.2920822797,0.0650145904837,0.0127308989553, 20.8201839926, 4.12923486889,12900.0
50205, 4.31730477928,3.85236994229,0.111051832396,0.0446414858813, 8.037054543, 2.91774335344,18942.0
50208, 0.691697798452,0.396489937946,0.526419611223,3.46536077883, 10.0352695737, 3.4660527232,27487.0
50209, 3.13272751873,2.8893998241,0.274403906923,0.363515682169, 12.8443631231, 3.5773292032,23880.0
12039, 2.20197989187,1.9691226247,0.354810467709,1.0724948601, 14.5515212403, 3.98136227528,25937.0
12038, 4.53336237521,4.06293563348,0.105683601087,0.0486891482746, 17.9719984215, 4.19878496537,19130.0
12033, 0.353819689545,0.273967680425,1.59057742028,11.3749733709, 0.248814969176, 1.49911180369,27684.0
12032, 3.17557490044,2.92989525034,0.229981805994,0.321473455251, 18.5731201923, 4.26639595837,24017.0
12031, 2.77505879165,2.58888518015,0.345193636202,0.671650728869, 13.6211659725, 3.81383272146,25234.0
12030, 0.852981550899,0.731927321218,0.603495900824,3.67785265777, 8.02266489569, 3.15990959026,27310.0
12037, 3.44687980575,3.11526921601,0.193786678705,0.257554328992, 20.5065012079, 4.51028991078,23610.0
12036, 4.5953818961,3.97309917114,0.0800958228446,0.0208787736087, 10.2764304038, 3.01601255648,16450.0
12035, 1.70612164264,1.46115091562,0.400777151151,1.82610781795, 13.8744356827, 3.97139662779,26507.0
12034, 4.63589115464,4.0315543959,0.085450396492,0.0161028765194, 3.4692839991, 2.03523640605,15765.0
31029, 2.06934729323,2.06934729323,0.0465383510485,5.50265698396e-35, -2.0, 1.0,1296.0
31028, 2.06934729323,2.06934729323,0.0465383510485,5.50265698396e-35, -2.0, 1.0,1296.0
31023, 2.06934729323,2.06934729323,0.0465383510485,5.50265698396e-35, -2.0, 1.0,1296.0
31022, 2.06934729323,2.06934729323,0.0465383510485,5.50265698396e-35, -2.0, 1.0,1296.0
31021, 2.06934729323,2.06934729323,0.0465383510485,5.50265698396e-35, -2.0, 1.0,1296.0
31020, 2.06934729323,2.06934729323,0.0465383510485,5.50265698396e-35, -2.0, 1.0,1296.0
31027, 2.06934729323,2.06934729323,0.0465383510485,5.50265698396e-35, -2.0, 1.0,1296.0
31026, 2.06934729323,2.06934729323,0.0465383510485,5.50265698396e-35, -2.0, 1.0,1296.0
31025, 2.06934729323,2.06934729323,0.0465383510485,5.50265698396e-35, -2.0, 1.0,1296.0
31024, 2.06934729323,2.06934729323,0.0465383510485,5.50265698396e-35, -2.0, 1.0,1296.0
11927, 5.16873411198,4.597001011,0.0652157061235,0.0075703178223, 4.96696338425, 2.24319773361,14302.0
50068, 3.23304331386,3.06373596155,0.306945780198,0.388842045944, 13.8808927803, 3.7622203608,24575.0
31254, 4.26103944509,4.12046866612,0.022596954898,0.000598691044214, -0.693310107262, 0.769690757179,3933.0
31255, 4.25202146892,4.101605457,0.0213178819793,0.000606845000487, -0.478955210944, 0.917158986009,3933.0
31256, 4.38218730813,4.21347562068,0.0184356803145,0.000529223450771, 0.863168386739, 1.31164177101,4043.0
31257, 4.28038601654,4.14195205581,0.022596954898,0.000593631681664, -0.269008500886, 0.904693094096,3933.0
31250, 4.33834280079,4.1825128329,0.0208299600428,0.000537871891313, -0.315122725846, 0.926959920808,3988.0
31251, 4.34652092805,4.2105041,0.0233512537448,0.000521108377751, -0.770385205938, 0.624497243814,3983.0
31252, 4.27312041991,4.13277951897,0.0228555012927,0.000609401094943, -0.865655531598, 0.718524794812,3978.0
31158, 5.79395460352,5.41992944152,0.0608763136344,0.0026901865477, 2.75563713301, 1.76308318657,14198.0
31157, 5.27959228044,4.99141848165,0.0746164895145,0.00421164247272, 1.3219496888, 1.38482331758,12987.0
31156, 5.49783306713,5.00697613874,0.0640189600689,0.004546578784, 2.49852376572, 1.87827560748,13371.0
31155, 5.50625631936,5.20159758734,0.0701351194706,0.00411501799124, 14.0301254947, 3.11149337257,13916.0
31154, 5.58526006541,5.31249054851,0.0677520332049,0.00296578907756, 1.05373054438, 1.27775377724,13679.0
31258, 4.32919501434,4.16787513084,0.0197773132968,0.00054294087523, -0.332553242254, 0.944671620513,3993.0
31259, 4.25032526601,4.12181371844,0.0237031422861,0.000601213819112, -0.250202726192, 0.888624079217,3878.0
31151, 5.13277971776,4.98206093005,0.0762488429251,0.00466491270774, 3.97161077769, 1.94586631177,11944.0
31150, 5.7041345007,5.41063750369,0.0621085894858,0.00394197115197, 11.9063441459, 2.99936946936,14053.0
361, 5.46944071968,5.26445302196,0.0695202528009,0.0033474565644, 0.690280148695, 1.27635624917,13068.0
11967, 3.46228591835,3.30807655529,0.247691550047,0.357622510668, 20.3005344624, 4.58941797874,24142.0
50028, 1.22552461529,1.05425140693,0.641554151106,2.84651546465, 5.95811512691, 2.74426359516,26799.0
50029, 1.68447923586,1.35898153183,0.402228639683,1.79916156169, 13.799202062, 3.9569693042,26603.0
50022, 0.628698372366,0.531458672211,1.12475889523,7.00447610428, 2.10116527913, 2.01289758195,27407.0
50023, 2.57491165505,2.32905889962,0.276832475195,0.644646879414, 17.1726931887, 4.22050957609,25055.0
50020, 0.60167381989,0.460696762003,0.986174949727,6.42938390952, 3.11187356806, 2.25585145314,27463.0
50021, 4.65483969792,4.10799404911,0.103396459903,0.0360253159638, 10.4063794534, 3.23441213782,18716.0
50026, 4.55285763776,4.18619188839,0.113025655758,0.0374799961531, 6.17361719075, 2.55459705432,20459.0
50027, 1.33503699212,1.10401085144,0.509623671359,2.37976688394, 9.39707319041, 3.33044171193,26610.0
50024, 1.27308689399,0.942005297489,0.349729701496,1.84238642359, 16.6430640589, 4.29481338421,26783.0
50025, 1.23965839284,1.08839983302,0.862012831562,4.22682806099, 4.00371913589, 2.43390694201,27006.0
11999, 1.80159867499,1.63007734428,0.446964192169,1.83820684927, 11.731183702, 3.68089884198,26450.0
11998, 0.681222464826,0.391820399015,0.606412834508,4.10031077809, 8.07853237133, 3.17418351004,27442.0
11991, 1.83256498231,1.72045015793,0.584425341966,2.18574258232, 7.73422153321, 3.08856939418,26447.0
11990, 0.543258200133,0.372868504185,0.98987359954,6.70075125504, 3.13210014617, 2.26355706189,27566.0
11993, 5.04584562364,4.48770328701,0.0777255099109,0.0115806080821, 8.94642269899, 2.56152166259,17316.0
11992, 1.83712402764,1.48918818991,0.417999297775,1.5871983082, 12.1921483599, 3.71332698905,26191.0
11995, 5.01535992781,4.5285147952,0.0716818701993,0.00993864810046, 6.40546798805, 2.45579042808,15221.0
11994, 3.92739652172,3.67583918578,0.0820711448355,0.00836953868709, 1.90560358543, 1.57934195962,8285.0
11997, 4.75998069888,4.28008633732,0.0604711289859,0.00474845848979, 1.60618579738, 1.4302930408,10525.0
11996, 2.12166141272,1.83589168617,0.48629704108,1.46086010925, 9.15320838207, 3.26806965844,25392.0
11964, 1.67812091175,1.48250060616,0.441303209017,1.40563171341, 7.19276900123, 2.90347699868,26115.0
11965, 3.12028663439,2.80782862268,0.208096050831,0.33422479414, 21.5807760383, 4.60027341097,24629.0
11966, 4.73045345815,4.49592892696,0.0922950502061,0.0134932897619, 10.9650781339, 2.91854337932,13815.0
50155, 1.77573867454,1.2683801216,0.332075990158,1.40714213477, 17.2672169482, 4.34892351015,26587.0
50152, 4.61433966986,3.9454435846,0.0721110366327,0.012026351378, 3.01990402322, 2.0018643475,13555.0
11961, 4.57511373637,4.11669993692,0.0947534428882,0.0221562487456, 4.12158401826, 2.14619168758,16162.0
11849, 1.56041751529,1.27860847545,0.404179077398,1.79117938004, 13.3696844841, 3.87913934697,26732.0
50151, 4.86956084938,4.55381895922,0.0969974570951,0.0187588767399, 6.2276333548, 2.38777655995,18233.0
11847, 3.37637870122,3.01039373892,0.206147658719,0.220588309559, 11.6186722684, 3.39958534141,21528.0
11846, 1.58379797146,1.19382735071,0.423601136327,1.86540823264, 12.4083353905, 3.75421106816,26542.0
11845, 0.976552737921,0.8721544272,0.710114648351,4.12975502594, 6.05890578711, 2.83399446648,27191.0
11844, 1.98106941838,1.85717520144,0.540177288956,1.80042951606, 8.44128188215, 3.17996360889,26325.0
11843, 3.0586830497,2.76742478197,0.240210403273,0.31936764749, 9.39947510102, 3.1888324737,24249.0
11842, 1.34269871928,1.19128517698,0.594568315913,2.7262337262, 7.70757534465, 3.08144490572,26906.0
50158, 1.65364575368,1.44478924797,0.449279280802,1.91086756092, 11.6666810085, 3.66753224087,26587.0
50159, 2.08900083679,1.61564129924,0.299258833668,1.0460421451, 18.4366629608, 4.44441221839,26043.0
11962, 4.01499627469,3.93193448328,0.0931192611744,0.00992740723066, 2.72983353674, 1.75275521429,8752.0
12079, 3.38306191675,2.75234192408,0.171459350761,0.275413063569, 27.0971996276, 5.14690061654,23874.0
12078, 3.05960784596,2.7222040406,0.226603404658,0.327650448088, 15.9078304464, 3.93166388857,24453.0
12077, 4.79814569594,4.36051880288,0.055577215086,0.00645269202604, 5.36056328825, 2.17593294312,10834.0
12076, 1.00150193144,0.837361703864,0.708312658327,3.8517573137, 5.92159160711, 2.79515892203,27122.0
12075, 2.24908958977,2.02253740333,0.340445535504,1.01607037334, 15.3623559058, 4.07720566627,26072.0
12074, 4.41080423547,3.9187580766,0.129209358741,0.0495162792718, 6.07915103256, 2.53689836648,20240.0
12073, 2.25952199054,1.93034793357,0.406189153819,1.21529120828, 12.0292871533, 3.6781481961,25451.0
12072, 2.12787195872,1.87956399265,0.374389543235,1.20768649626, 13.8312651679, 3.90743011575,26065.0
12071, 4.26630173739,4.12760443533,0.086209932259,0.00901019814924, 4.56322938911, 2.0955161496,9303.0
12070, 4.00789332474,3.74786745363,0.209968399885,0.114171373476, 10.9577613536, 3.16452265868,21927.0
11872, 1.70109431501,1.36539791993,0.447707724285,1.93107454583, 11.7277839593, 3.6810125075,26494.0
11873, 4.20149351857,3.80804123475,0.161212147998,0.0754367133231, 11.3270946911, 3.15468203506,21886.0
11870, 0.385734457338,0.336350158523,1.58873886814,11.1131169815, 0.245649646032, 1.49679124338,27652.0
11871, 3.16891798409,2.9539763259,0.270523501204,0.338211396156, 13.6252083539, 3.636524837,24484.0
11876, 5.37667137608,4.90276487657,0.0664874625518,0.00748113253735, 2.65547625491, 1.80089034996,16201.0
50140, 4.26296733987,3.48572308592,0.100190379737,0.0704188163236, 27.1956198804, 4.91240305132,20577.0
50143, 1.86039061081,1.59467181915,0.471577851192,1.57403979264, 9.06459635268, 3.22618953801,26265.0
50142, 0.937662624865,0.76634580204,0.781068658431,4.25244773365, 4.84608450855, 2.58839179622,27189.0
31140, 5.4285669265,5.1490214068,0.0654127418518,0.00341577193285, 1.952432443, 1.41062100543,12979.0
31141, 5.4573031459,5.19452732708,0.0682040166096,0.00395386387841, 6.18605552989, 2.18683945847,13058.0
11901, 2.69525358043,2.57629582994,0.428612467682,0.786054766793, 9.6242496133, 3.26019738092,25364.0
31218, 3.17575315711,2.76546562807,0.0273944268888,0.000901715040648, -1.39782067441, 0.752402581578,2384.0
31219, 3.16985539009,2.7679425057,0.0262413541644,0.00090990071061, -1.29233149912, 0.819838095921,2375.0
31210, 3.16604207452,2.77055739645,0.0251736942343,0.0009124235254, -1.18505517716, 0.890199199312,2366.0
31211, 3.15597055027,2.77084403187,0.0271875897731,0.000934766791768, -1.39695344535, 0.761868999998,2366.0
31212, 3.15066200787,2.77069811773,0.0283204060136,0.000944838506946, -1.48576907099, 0.697965839764,2366.0
31213, 3.16454684769,2.76779619046,0.0272910083309,0.000920758791181, -1.38373075418, 0.75868483803,2375.0
31214, 3.16440396031,2.76764426896,0.0272910083309,0.000921315843166, -1.37904559518, 0.760449832466,2375.0
31215, 3.15333526539,2.77011925601,0.0271875897731,0.000939780259635, -1.37220362822, 0.764645533261,2366.0
31216, 3.15597055027,2.77084403187,0.0271875897731,0.000934766791768, -1.39695344535, 0.761868999998,2366.0
31217, 3.1827431024,2.76532413099,0.0263407950854,0.000890766689089, -1.2906930831, 0.824038259499,2384.0
50181, 2.26784734269,2.17147295023,0.567962345038,1.28393491869, 6.66985189289, 2.81777621941,25702.0
50180, 0.498961876341,0.347530222829,1.31887388681,8.98355722834, 1.19441098085, 1.78578170799,27546.0
50183, 3.96715431181,3.34793937042,0.117862044751,0.102577458177, 23.2823545395, 4.6032029277,22155.0
50182, 2.59075384519,2.26011352139,0.344263416369,0.839819061891, 13.6509753269, 3.83739038113,25166.0
50185, 1.6597407774,1.32228589545,0.36248478133,1.58866755409, 15.290481491, 4.11730807752,26498.0
50184, 3.59600625081,3.27327736443,0.231879463888,0.17162610188, 7.95581780863, 2.77759315592,23408.0
50187, 4.9589018121,4.63162291657,0.0765363622301,0.00817149175761, 2.38142621135, 1.58314369281,13854.0
50186, 1.25096019826,1.00100167999,0.645815378723,3.23121318485, 6.88982004633, 2.96163794637,26977.0
50189, 2.94359179952,2.94359179952,0.16128826327,0.0171399554555, 0.35896039952, 1.23618931175,5053.0
50188, 2.76799176348,2.30795749061,0.198665772926,0.407512594978, 20.1464502892, 4.48386433167,24896.0
50075, 0.532378462716,0.399904468296,0.71891567209,4.87470831914, 6.05792481198, 2.83396269301,27528.0
11903, 1.52444958092,1.28315067927,0.402092562633,1.76511747669, 13.1584986861, 3.84256498086,26594.0
11900, 1.13554055948,0.875181299542,0.646413865747,3.3461697842, 6.84576943029, 2.95060858896,27002.0
31104, 5.54561454973,4.54980084809,0.0272675574108,0.0012708709029, 1.88468080669, 1.71702034178,9302.0
31105, 5.47313920682,4.64472386033,0.0292017129534,0.00114718585311, 1.1685768651, 1.43064139428,8742.0
31106, 5.22604175865,4.35875492197,0.0317680021788,0.00154800805105, 1.95321723831, 1.68187914754,8515.0
31107, 5.29117326774,4.51577779725,0.0321104038464,0.00143493862222, 0.915370473653, 1.36549376255,8495.0
31100, 5.40710649737,4.4977495794,0.0281086336817,0.00134391917895, 1.51158055496, 1.636588222,8904.0
31101, 5.36153261789,4.39494152725,0.0271700509533,0.00142943942948, 1.75003100939, 1.76071030473,8985.0
31102, 5.40737330499,4.50464319873,0.027003734559,0.00131508402086, 1.87322402615, 1.72153206778,8742.0
31103, 5.34869467683,4.4157294678,0.0298730523522,0.00142126157796, 1.56171667163, 1.61335044809,8735.0
50071, 1.91932866742,1.58165466788,0.276463766266,1.13084807155, 21.3299117548, 4.7939787889,25984.0
31108, 5.32465991174,4.50092327937,0.031478576006,0.00137908069928, 1.10259795663, 1.46066655945,8547.0
31109, 5.44629120042,4.50370960811,0.0291167927479,0.00150137506182, 4.84893102608, 2.13226456109,9122.0
50070, 1.17682997073,0.833267736853,0.455666897612,2.51163124788, 11.8782510738, 3.71205766155,26965.0
11959, 1.9187164798,1.63471803,0.445156057252,1.5355615185, 10.7357120038, 3.49163432501,26343.0
11958, 2.45272692192,2.30001526221,0.459781671933,1.18103292183, 10.2278821595, 3.43207937666,25608.0
50126, 4.44297510837,3.79168784168,0.0901218861575,0.0513669107425, 13.7067025968, 3.81470935112,19764.0
11955, 4.20517912239,3.54407315057,0.1091865646,0.0663061333013, 21.3445966984, 4.43674630186,19384.0
11954, 2.09889305896,2.0660814346,0.673134679167,1.85706838012, 4.96241550028, 2.55344950263,25775.0
11957, 2.7467428896,2.40859209615,0.284527434645,0.660441673177, 16.9213085041, 4.21670923143,24761.0
11956, 2.13541329684,1.85519383061,0.336175602622,0.929922973695, 11.4926672839, 3.52743444227,25745.0
11951, 3.97665237153,3.75767034949,0.0856817191945,0.0194198608522, 8.36251365318, 2.92586848886,9246.0
11950, 0.740749430773,0.612042707861,1.12508720811,6.89875182275, 2.1423050249, 2.03033225809,27415.0
11953, 1.13748201873,0.925785425295,0.432267228446,2.45689016247, 12.9666454377, 3.86188608235,27085.0
11952, 4.55130197119,4.15126094205,0.124407497845,0.0412998268273, 9.80475147393, 2.91113707727,20787.0
11908, 4.35212471433,3.99961676967,0.141024062598,0.0488497607549, 7.12077746009, 2.52681243235,20618.0
11909, 4.56767053147,4.09657269586,0.116886628251,0.0438355105441, 10.1361490773, 3.15621555657,20751.0
50170, 2.41525297124,2.13686291582,0.407832998181,1.08307953891, 11.635225014, 3.60721120409,25554.0
50120, 4.58042468774,4.16427480897,0.0731248546532,0.00837100567336, 3.32183778642, 1.88860961333,10691.0
50078, 4.01345345408,3.5649753575,0.158505055318,0.11029261974, 14.7429965827, 3.73465729368,22622.0
11928, 1.24186314411,1.19933337295,0.86172555779,4.12762215717, 3.99459424681, 2.43026635066,26997.0
50052, 3.72963604662,3.34408992763,0.188369516149,0.169262459683, 15.492185797, 3.83773967048,22950.0
50051, 1.49969013663,1.21355509796,0.450394578975,2.1244205652, 11.8195286991, 3.69894497686,26653.0
50050, 1.89862222214,1.67937879312,0.354181201352,1.45816489172, 15.7121619097, 4.18703403356,25891.0
50057, 3.44303059761,3.33332332385,0.0867264397708,0.0101231511707, -0.441732523683, 0.964686474508,5736.0
50056, 0.72584230369,0.53596030781,0.71400590217,4.6457677107, 6.08169604946, 2.84068576423,27340.0
50055, 4.40477005998,4.08776788034,0.0926574376732,0.0143631319769, 5.42134570696, 2.2063165045,11934.0
50054, 2.65066006987,2.45718011444,0.318386770418,0.749448096036, 16.0574358918, 4.14262128743,25491.0
50112, 2.30951115059,1.71055019431,0.296868715886,0.867058622198, 17.3429056165, 4.279138658,25835.0
11921, 3.84928369911,3.6002936905,0.218912520183,0.112497871459, 7.93393200927, 2.68474021138,22099.0
11922, 3.50262699066,3.1078705318,0.158688695443,0.216434424481, 26.7327849108, 5.07389299996,23753.0
11923, 4.02369588318,3.45657833195,0.137622473366,0.123289114951, 25.512785798, 4.86910430123,22516.0
50116, 4.49792688021,4.16468301294,0.102550352708,0.0197124285669, 4.28355510106, 2.11488101404,16064.0
50117, 4.53706603396,4.16133752868,0.0776574494098,0.00791644838356, 2.4631096139, 1.56345876457,11624.0
11926, 4.72085554354,4.21144102318,0.0755583218956,0.0175928757149, 9.55254312475, 3.03408797646,14203.0
50115, 1.73581094704,1.27250686075,0.305280091928,1.42501734165, 19.8185576269, 4.65809043918,26567.0
50072, 0.383411954753,0.318694783145,0.882377350059,6.29999605754, 4.11235923229, 2.47047917146,27644.0
11814, 5.63043475611,5.26767261311,0.0647825902675,0.00275856165643, 1.0232734571, 1.35335848571,13756.0
11815, 5.26096738362,4.98119251934,0.0699913817868,0.00391358454491, 1.77791259039, 1.55079890565,12182.0
11816, 5.40181023544,5.18680011508,0.0711886504762,0.00303400055009, 0.166868414451, 1.05778967179,12886.0
11817, 5.1280894676,4.83898862044,0.0723624294804,0.00415566247054, 2.10139926824, 1.40467389316,11839.0
11810, 5.80349278351,5.50776232589,0.063668707047,0.00268500235228, 2.70150367514, 1.60224638224,14406.0
11811, 5.69712383614,5.29716663005,0.059129781451,0.00259074451429, 3.55317424205, 1.87215876384,13379.0
11812, 5.60528128137,5.26359482261,0.0654891530984,0.00436485768802, 7.36987299169, 2.39728464085,14134.0
11813, 5.29228434648,5.09751538791,0.071186440678,0.00378039813946, 7.30201452836, 2.32085693576,12390.0
11818, 5.53950269185,5.18998070354,0.0644833860002,0.00370694482904, 6.86553141847, 2.31592777078,13468.0
11819, 5.44215265226,5.10026498611,0.0672825413145,0.00413477505788, 0.542316267825, 1.31990310447,13350.0
12024, 0.974055886421,0.835847873767,0.973642631428,5.24482122917, 3.02215316551, 2.22249886478,27114.0
12025, 1.80743864324,1.7600137971,0.68527852498,2.49108779319, 5.78030542358, 2.75587572807,26240.0
12026, 1.76489908153,1.40283512229,0.282783789247,1.31005851946, 21.7965186599, 4.8648831091,26578.0
12027, 4.72746412396,4.23872754416,0.105406492387,0.0316363888548, 7.29332700692, 2.76073498861,18346.0
12020, 1.40216120285,1.03597306677,0.642009001245,3.09296454646, 6.95614056397, 2.97867541468,26818.0
12021, 5.00326787942,4.60365828804,0.0896099406463,0.0126868094874, 2.26937376336, 1.61723686896,18404.0
12022, 0.790388314506,0.750415326881,1.1206549842,6.30285546498, 2.07594621203, 2.00093887062,27307.0
12023, 2.02912149454,1.72009882913,0.391281997006,1.41622714782, 13.4738376827, 3.89424196274,25879.0
50237, 2.54001868701,2.27772984104,0.336475934293,0.928393694066, 16.1488513128, 4.20509413031,25768.0
50236, 1.01241012942,0.821087312291,0.487916546969,2.89758833318, 11.0094292073, 3.60211259441,27175.0
50235, 2.96938790492,2.84662793065,0.341898879632,0.44565102457, 4.45096368402, 2.4713077687,23803.0
50234, 4.95023525631,4.49638655949,0.086837317367,0.0130517449727, 1.23488020776, 1.51465192437,17230.0
12028, 2.74544770041,2.40439848749,0.261593548652,0.524846025952, 18.6262837904, 4.34649374413,25497.0
50232, 1.69234601481,1.57416718618,0.758632576846,2.36248233331, 4.01786384262, 2.34573676099,26408.0
50231, 4.9549581535,4.59909295144,0.0732449058435,0.00806818593563, 7.4016833622, 2.32955438848,14788.0
50230, 2.7566670173,2.48372954235,0.284780235564,0.420592608957, 7.73243438205, 2.88565767301,24783.0
50043, 1.67788920651,1.47831392175,0.50947045868,2.18339376119, 9.78850613177, 3.41032325879,26602.0
31139, 5.4531496227,5.28065190177,0.0700297572266,0.00257438842535, -0.363867684579, 0.727566593874,12920.0
31138, 5.7100867592,5.37803857996,0.0627579194083,0.00294273546163, 4.625536895, 1.93031995629,13763.0
11907, 4.9347689351,4.12003577343,0.0466432287748,0.00442171573973, 3.54712608559, 2.04259789954,10229.0
31135, 5.64668388284,5.43030793602,0.0639481322252,0.00181735170344, -0.240192961956, 0.882656667246,12911.0
31134, 5.55240500956,5.20997326922,0.0615142624364,0.00295096838167, 1.77154096635, 1.55213365983,13062.0
31137, 5.56551510806,5.19483378879,0.0618185797732,0.00391514465882, 5.48573972179, 2.30525891119,13557.0
31136, 5.47910848839,5.11927676805,0.0637202944061,0.00340315387993, 1.88180900996, 1.59945236802,12865.0
31131, 5.26806458436,5.14119475643,0.0745647802356,0.00384813754717, 1.70163906625, 1.35243118627,12978.0
31130, 5.54275345161,5.23262355447,0.0608510717165,0.00314883669449, 0.734564149195, 1.2135219414,13133.0
31133, 5.60227537054,5.28636022379,0.0700850622508,0.00439968043145, 2.59530997641, 1.78504006211,14394.0
31132, 5.48156842236,5.29287022292,0.0688778041838,0.00334386757191, 5.3039858645, 1.90561143733,13187.0
31148, 5.50799611249,5.32124405366,0.0696717244261,0.00306250784567, 0.256928239003, 0.991744177242,13339.0
31149, 5.39817061379,5.10075598814,0.066125199133,0.00383452301729, 2.24974405743, 1.65563601614,12660.0
31223, 3.15570021874,2.77055739645,0.0271875897731,0.000935880895738, -1.38521436527, 0.765775232112,2366.0
31222, 3.16607519283,2.82379496146,0.0262413541644,0.000916317949479, -1.28133554945, 0.814999944793,2375.0
31225, 3.15038640346,2.77040589143,0.0283204060136,0.000946001050219, -1.47523182285, 0.701794627289,2366.0
31224, 3.14254217489,2.77288295029,0.0270841712152,0.000957108290053, -1.37675678085, 0.765194563171,2357.0
31227, 3.18315104845,2.76575906519,0.0263407950854,0.000889162379371, -1.30975735915, 0.818010171027,2384.0
31226, 3.14503457239,2.77345465387,0.0270841712152,0.000952651874172, -1.39606591701, 0.764175171114,2357.0
31229, 3.17697805241,2.7679425057,0.0252694521583,0.000896294939528, -1.18712279196, 0.887278589188,2375.0
31228, 3.15039657381,2.77041667517,0.0283204060136,0.000946001050219, -1.47347495462, 0.702111199758,2366.0
31142, 5.45154383551,5.02538984444,0.0624341664273,0.00440844903124, 4.14268618694, 2.11519516032,13040.0
31143, 5.18121439411,5.09415094014,0.0800895336589,0.00585450120781, 2.13851562922, 1.55017577757,13382.0
31144, 5.59566851037,5.33875211663,0.0626639854448,0.00274692710274, 1.12955642487, 1.33191241197,13088.0
31145, 5.91512494568,5.56077585448,0.0611102090437,0.00242387732691, 1.56847444654, 1.49530944669,14678.0
31146, 5.61836073141,5.32144479878,0.0707862050161,0.00357368162078, 0.429230001236, 1.14645395903,14538.0
31147, 5.77755131858,5.28125972001,0.0607048069049,0.00309841244224, 8.10492786751, 2.56490673901,14158.0
11930, 1.70543438595,1.58094195503,0.754553289285,2.31782489053, 3.85397355302, 2.29644307796,26266.0
50017, 0.696090845797,0.561693471336,0.982763573686,5.94960241638, 3.03388358271, 2.22737397435,27368.0
50016, 4.24394605595,3.83563849848,0.0858681346579,0.022128190854, 11.5719529082, 3.23797466658,12853.0
50015, 4.6507315377,4.16051910053,0.0791758434677,0.016453319182, 9.93807068058, 2.98049119091,14883.0
50014, 2.36237357543,2.0322736933,0.318786455666,0.753653279597, 13.0340808905, 3.68823522249,25523.0
50013, 3.43177908879,3.2212032364,0.273645504165,0.222345938746, 9.17455117685, 2.93658510778,23814.0
50012, 2.99678519717,2.63942331855,0.242231225668,0.46299321739, 18.3979022497, 4.34149710765,24453.0
50011, 1.59039272847,1.40666497361,0.42633023716,1.95502054471, 12.8163840271, 3.8315598544,26713.0
50010, 4.07485958227,3.92489426914,0.0913105003884,0.0116101739905, 0.957897323124, 1.44118153292,8582.0
50019, 3.60251098369,3.50579070497,0.107782383278,0.0237028559193, 3.62524104191, 2.01243189311,7879.0
50018, 1.283962255,1.15509086494,0.701339740409,3.29545887546, 5.82229075626, 2.76764459315,26855.0
50045, 4.92664468749,4.26396219675,0.089181464512,0.0196530338498, 7.88296883253, 2.65282096212,18316.0
